tiempo_formato,potenciometro
00:42.036,0.0
00:42.033,0.0
00:42.030,0.0
00:42.027,0.0
00:42.023,0.0
00:42.020,0.0
00:42.017,0.0
00:42.014,0.0
00:42.011,0.0
00:42.008,0.0
00:42.005,0.0
00:42.002,0.0
00:41.999,0.0
00:41.996,0.0
00:41.993,0.0
00:41.990,0.0
00:41.987,0.0
00:41.984,0.0
00:41.981,0.0
00:41.978,0.0
00:41.975,0.0
00:41.972,0.0
00:41.969,0.0
00:41.966,0.0
00:41.963,0.0
00:41.960,0.0
00:41.957,0.0
00:41.954,0.0
00:41.951,0.0
00:41.948,0.0
00:41.945,0.0
00:41.942,0.0
00:41.938,0.0
00:41.935,0.0
00:41.932,0.0
00:41.929,0.0
00:41.926,0.0
00:41.923,0.0
00:41.920,0.0
00:41.917,0.0
00:41.914,0.0
00:41.911,0.0
00:41.908,0.0
00:41.905,0.0
00:41.902,0.0
00:41.899,0.0
00:41.895,0.0
00:41.892,0.0
00:41.889,0.0
00:41.886,0.0
00:41.883,0.0
00:41.880,0.0
00:41.877,0.0
00:41.874,0.0
00:41.871,0.0
00:41.868,0.0
00:41.865,0.0
00:41.862,0.0
00:41.859,0.0
00:41.856,0.0
00:41.853,0.0
00:41.850,0.0
00:41.847,0.0
00:41.844,0.0
00:41.841,0.0
00:41.838,0.0
00:41.835,0.0
00:41.832,0.0
00:41.829,0.0
00:41.826,0.0
00:41.823,0.0
00:41.820,0.0
00:41.817,0.0
00:41.814,0.0
00:41.810,0.0
00:41.807,0.0
00:41.804,0.0
00:41.801,0.0
00:41.798,0.0
00:41.795,0.0
00:41.792,0.0
00:41.789,0.0
00:41.786,0.0
00:41.783,0.0
00:41.780,0.0
00:41.777,0.0
00:41.774,0.0
00:41.771,0.0
00:41.767,0.0
00:41.764,0.0
00:41.761,0.0
00:41.758,0.0
00:41.755,0.0
00:41.752,0.0
00:41.749,0.0
00:41.746,0.0
00:41.743,0.0
00:41.740,0.0
00:41.737,0.0
00:41.734,0.0
00:41.731,0.0
00:41.728,0.0
00:41.725,0.0
00:41.722,0.0
00:41.719,0.0
00:41.716,0.0
00:41.713,0.0
00:41.710,0.0
00:41.707,0.0
00:41.704,0.0
00:41.701,0.0
00:41.698,0.0
00:41.695,0.0
00:41.692,0.0
00:41.689,0.0
00:41.686,0.0
00:41.682,0.0
00:41.679,0.0
00:41.676,0.0
00:41.673,0.0
00:41.670,0.0
00:41.667,0.0
00:41.664,0.0
00:41.661,0.0
00:41.658,0.0
00:41.655,0.0
00:41.652,0.0
00:41.649,0.0
00:41.646,0.0
00:41.643,0.0
00:41.639,0.0
00:41.636,0.0
00:41.633,0.0
00:41.630,0.0
00:41.627,0.0
00:41.624,0.0
00:41.621,0.0
00:41.618,0.0
00:41.615,0.0
00:41.612,0.0
00:41.609,0.0
00:41.606,0.0
00:41.603,0.0
00:41.600,0.0
00:41.597,0.0
00:41.594,0.0
00:41.591,0.0
00:41.588,0.0
00:41.585,0.0
00:41.582,0.0
00:41.579,0.0
00:41.576,0.0
00:41.573,0.0
00:41.570,0.0
00:41.567,0.0
00:41.564,0.0
00:41.561,0.0
00:41.557,0.0
00:41.554,0.0
00:41.551,0.0
00:41.548,0.0
00:41.545,0.0
00:41.542,0.0
00:41.539,0.0
00:41.536,0.0
00:41.533,0.0
00:41.530,0.0
00:41.527,0.0
00:41.524,0.0
00:41.521,0.0
00:41.518,0.0
00:41.515,0.0
00:41.511,0.0
00:41.508,0.0
00:41.505,0.0
00:41.502,0.0
00:41.499,0.0
00:41.496,0.0
00:41.493,0.0
00:41.490,0.0
00:41.487,0.0
00:41.484,0.0
00:41.481,0.0
00:41.478,0.0
00:41.475,0.0
00:41.472,0.0
00:41.469,0.0
00:41.466,0.0
00:41.463,0.0
00:41.460,0.0
00:41.457,0.0
00:41.454,0.0
00:41.451,0.0
00:41.448,0.0
00:41.445,0.0
00:41.442,0.0
00:41.439,0.0
00:41.435,0.0
00:41.432,0.0
00:41.429,0.0
00:41.426,0.0
00:41.423,0.0
00:41.420,0.0
00:41.417,0.0
00:41.414,0.0
00:41.411,0.0
00:41.408,0.0
00:41.405,0.0
00:41.402,0.0
00:41.399,0.0
00:41.396,0.0
00:41.393,0.0
00:41.390,0.0
00:41.387,0.0
00:41.383,0.0
00:41.380,0.0
00:41.377,0.0
00:41.374,0.0
00:41.371,0.0
00:41.368,0.0
00:41.365,0.0
00:41.362,0.0
00:41.359,0.0
00:41.356,0.0
00:41.353,0.0
00:41.350,0.0
00:41.347,0.0
00:41.344,0.0
00:41.341,0.0
00:41.338,0.0
00:41.335,0.0
00:41.332,0.0
00:41.329,0.0
00:41.326,0.0
00:41.323,0.0
00:41.320,0.0
00:41.317,0.0
00:41.314,0.0
00:41.310,0.0
00:41.307,0.0
00:41.304,0.0
00:41.301,0.0
00:41.298,0.0
00:41.295,0.0
00:41.292,0.0
00:41.289,0.0
00:41.286,0.0
00:41.283,0.0
00:41.280,0.0
00:41.277,0.0
00:41.274,0.0
00:41.271,0.0
00:41.268,0.0
00:41.265,0.0
00:41.262,0.0
00:41.259,0.0
00:41.255,0.0
00:41.252,0.0
00:41.249,0.0
00:41.246,0.0
00:41.243,0.0
00:41.240,0.0
00:41.237,0.0
00:41.234,0.0
00:41.231,0.0
00:41.228,0.0
00:41.225,0.0
00:41.222,0.0
00:41.219,0.0
00:41.216,0.0
00:41.213,0.0
00:41.210,0.0
00:41.207,0.0
00:41.204,0.0
00:41.201,0.0
00:41.198,0.0
00:41.195,0.0
00:41.192,0.0
00:41.189,0.0
00:41.185,0.0
00:41.182,0.0
00:41.179,0.0
00:41.176,0.0
00:41.173,0.0
00:41.170,0.0
00:41.167,0.0
00:41.164,0.0
00:41.161,0.0
00:41.158,0.0
00:41.155,0.0
00:41.152,0.0
00:41.149,0.0
00:41.146,0.0
00:41.143,0.0
00:41.140,0.0
00:41.137,0.0
00:41.134,0.0
00:41.131,0.0
00:41.127,0.0
00:41.124,0.0
00:41.121,0.0
00:41.118,0.0
00:41.115,0.0
00:41.112,0.0
00:41.109,0.0
00:41.106,0.0
00:41.103,0.0
00:41.100,0.0
00:41.097,0.0
00:41.094,0.0
00:41.091,0.0
00:41.088,0.0
00:41.085,0.0
00:41.082,0.0
00:41.079,0.0
00:41.076,0.0
00:41.073,0.0
00:41.070,0.0
00:41.067,0.0
00:41.064,0.0
00:41.060,0.0
00:41.057,0.0
00:41.054,0.0
00:41.051,0.0
00:41.048,0.0
00:41.045,0.0
00:41.042,0.0
00:41.039,0.0
00:41.036,0.0
00:41.033,0.0
00:41.030,0.0
00:41.027,0.0
00:41.024,0.0
00:41.021,0.0
00:41.018,0.0
00:41.015,0.0
00:41.012,0.0
00:41.009,0.0
00:41.006,0.0
00:41.003,0.0
00:40.999,0.0
00:40.996,0.0
00:40.993,0.0
00:40.990,0.0
00:40.987,0.0
00:40.984,0.0
00:40.981,0.0
00:40.978,0.0
00:40.975,0.0
00:40.972,0.0
00:40.969,0.0
00:40.966,0.0
00:40.963,0.0
00:40.960,0.0
00:40.957,0.0
00:40.954,0.0
00:40.951,0.0
00:40.948,0.0
00:40.945,0.0
00:40.942,0.0
00:40.939,0.0
00:40.936,0.0
00:40.932,0.0
00:40.929,0.0
00:40.926,0.0
00:40.923,0.0
00:40.920,0.0
00:40.917,0.0
00:40.914,0.0
00:40.911,0.0
00:40.908,0.0
00:40.905,0.0
00:40.902,0.0
00:40.899,0.0
00:40.896,0.0
00:40.893,0.0
00:40.890,0.0
00:40.887,0.0
00:40.884,0.0
00:40.881,0.0
00:40.878,0.0
00:40.875,0.0
00:40.871,0.0
00:40.868,0.0
00:40.865,0.0
00:40.862,0.0
00:40.859,0.0
00:40.856,0.0
00:40.853,0.0
00:40.850,0.0
00:40.847,0.0
00:40.844,0.0
00:40.841,0.0
00:40.838,0.0
00:40.835,0.0
00:40.832,0.0
00:40.829,0.0
00:40.826,0.0
00:40.823,0.0
00:40.820,0.0
00:40.817,0.0
00:40.814,0.0
00:40.811,0.0
00:40.807,0.0
00:40.804,0.0
00:40.801,0.0
00:40.798,0.0
00:40.795,0.0
00:40.792,0.0
00:40.789,0.0
00:40.786,0.0
00:40.783,0.0
00:40.780,0.0
00:40.777,0.0
00:40.774,0.0
00:40.771,0.0
00:40.768,0.0
00:40.765,0.0
00:40.762,0.0
00:40.759,0.0
00:40.756,0.0
00:40.753,0.0
00:40.750,0.0
00:40.746,0.0
00:40.743,0.0
00:40.740,0.0
00:40.737,0.0
00:40.734,0.0
00:40.731,0.0
00:40.728,0.0
00:40.725,0.0
00:40.722,0.0
00:40.719,0.0
00:40.716,0.0
00:40.713,0.0
00:40.710,0.0
00:40.707,0.0
00:40.704,0.0
00:40.701,0.0
00:40.698,0.0
00:40.695,0.0
00:40.692,0.0
00:40.689,0.0
00:40.686,0.0
00:40.682,0.0
00:40.679,0.0
00:40.676,0.0
00:40.673,0.0
00:40.670,0.0
00:40.667,0.0
00:40.664,0.0
00:40.661,0.0
00:40.658,0.0
00:40.655,0.0
00:40.652,0.0
00:40.649,0.0
00:40.646,0.0
00:40.643,0.0
00:40.640,0.0
00:40.637,0.0
00:40.634,0.0
00:40.631,0.0
00:40.628,0.0
00:40.625,0.0
00:40.621,0.0
00:40.618,0.0
00:40.615,0.0
00:40.612,0.0
00:40.609,0.0
00:40.606,0.0
00:40.603,0.0
00:40.600,0.0
00:40.597,0.0
00:40.594,0.0
00:40.591,0.0
00:40.588,0.0
00:40.585,0.0
00:40.582,0.0
00:40.579,0.0
00:40.576,0.0
00:40.573,0.0
00:40.570,0.0
00:40.567,0.0
00:40.564,0.0
00:40.561,0.0
00:40.557,0.0
00:40.554,0.0
00:40.551,0.0
00:40.548,0.0
00:40.545,0.0
00:40.542,0.0
00:40.539,0.0
00:40.536,0.0
00:40.533,0.0
00:40.530,0.0
00:40.527,0.0
00:40.524,0.0
00:40.521,0.0
00:40.518,0.0
00:40.515,0.0
00:40.512,0.0
00:40.509,0.0
00:40.506,0.0
00:40.503,0.0
00:40.500,0.0
00:40.496,0.0
00:40.493,0.0
00:40.490,0.0
00:40.487,0.0
00:40.484,0.0
00:40.481,0.0
00:40.478,0.0
00:40.475,0.0
00:40.472,0.0
00:40.469,0.0
00:40.466,0.0
00:40.463,0.0
00:40.460,0.0
00:40.457,0.0
00:40.454,0.0
00:40.451,0.0
00:40.448,0.0
00:40.445,0.0
00:40.442,0.0
00:40.439,0.0
00:40.435,0.0
00:40.432,0.0
00:40.429,0.0
00:40.426,0.0
00:40.423,0.0
00:40.420,0.0
00:40.417,0.0
00:40.414,0.0
00:40.411,0.0
00:40.408,0.0
00:40.405,0.0
00:40.402,0.0
00:40.399,0.0
00:40.396,0.0
00:40.393,0.0
00:40.390,0.0
00:40.387,0.0
00:40.384,0.0
00:40.381,0.0
00:40.378,0.0
00:40.375,0.0
00:40.371,0.0
00:40.368,0.0
00:40.365,0.0
00:40.362,0.0
00:40.359,0.0
00:40.356,0.0
00:40.353,0.0
00:40.350,0.0
00:40.347,0.0
00:40.344,0.0
00:40.341,0.0
00:40.338,0.0
00:40.335,0.0
00:40.332,0.0
00:40.329,0.0
00:40.326,0.0
00:40.323,0.0
00:40.320,0.0
00:40.317,0.0
00:40.314,0.0
00:40.310,0.0
00:40.307,0.0
00:40.304,0.0
00:40.301,0.0
00:40.298,0.0
00:40.295,0.0
00:40.292,0.0
00:40.289,0.0
00:40.286,0.0
00:40.283,0.0
00:40.280,0.0
00:40.277,0.0
00:40.274,0.0
00:40.271,0.0
00:40.268,0.0
00:40.265,0.0
00:40.262,0.0
00:40.259,0.0
00:40.256,0.0
00:40.253,0.0
00:40.250,0.0
00:40.246,0.0
00:40.243,0.0
00:40.240,0.0
00:40.237,0.0
00:40.234,0.0
00:40.231,0.0
00:40.228,0.0
00:40.225,0.0
00:40.222,0.0
00:40.219,0.0
00:40.216,0.0
00:40.213,0.0
00:40.210,0.0
00:40.207,0.0
00:40.204,0.0
00:40.201,0.0
00:40.198,0.0
00:40.195,0.0
00:40.192,0.0
00:40.189,0.0
00:40.185,0.0
00:40.182,0.0
00:40.179,0.0
00:40.176,0.0
00:40.173,0.0
00:40.170,0.0
00:40.167,0.0
00:40.164,0.0
00:40.161,0.0
00:40.158,0.0
00:40.155,0.0
00:40.152,0.0
00:40.149,0.0
00:40.146,0.0
00:40.143,0.0
00:40.140,0.0
00:40.137,0.0
00:40.134,0.0
00:40.131,0.0
00:40.128,0.0
00:40.125,0.0
00:40.121,0.0
00:40.118,0.0
00:40.115,0.0
00:40.112,0.0
00:40.109,0.0
00:40.106,0.0
00:40.103,0.0
00:40.100,0.0
00:40.097,0.0
00:40.094,0.0
00:40.091,0.0
00:40.088,0.0
00:40.085,0.0
00:40.082,0.0
00:40.079,0.0
00:40.076,0.0
00:40.073,0.0
00:40.070,0.0
00:40.067,0.0
00:40.064,0.0
00:40.060,0.0
00:40.057,0.0
00:40.054,0.0
00:40.051,0.0
00:40.048,0.0
00:40.045,0.0
00:40.042,0.0
00:40.039,0.0
00:40.036,0.0
00:40.033,0.0
00:40.030,0.0
00:40.027,0.0
00:40.024,0.0
00:40.021,0.0
00:40.018,0.0
00:40.015,0.0
00:40.012,0.0
00:40.009,0.0
00:40.006,0.0
00:40.003,0.0
00:40.000,0.0
00:39.996,0.0
00:39.993,0.0
00:39.990,0.0
00:39.987,0.0
00:39.984,0.0
00:39.981,0.0
00:39.978,0.0
00:39.975,0.0
00:39.972,0.0
00:39.969,0.0
00:39.966,0.0
00:39.963,0.0
00:39.960,0.0
00:39.957,0.0
00:39.954,0.0
00:39.951,0.0
00:39.948,0.0
00:39.945,0.0
00:39.942,0.0
00:39.939,0.0
00:39.936,0.0
00:39.932,0.0
00:39.929,0.0
00:39.926,0.0
00:39.923,0.0
00:39.920,0.0
00:39.917,0.0
00:39.914,0.0
00:39.911,0.0
00:39.908,0.0
00:39.905,0.0
00:39.902,0.0
00:39.899,0.0
00:39.896,0.0
00:39.893,0.0
00:39.890,0.0
00:39.887,0.0
00:39.884,0.0
00:39.881,0.0
00:39.878,0.0
00:39.875,0.0
00:39.871,0.0
00:39.868,0.0
00:39.865,0.0
00:39.862,0.0
00:39.859,0.0
00:39.856,0.0
00:39.853,0.0
00:39.850,0.0
00:39.847,0.0
00:39.844,0.0
00:39.841,0.0
00:39.838,0.0
00:39.835,0.0
00:39.832,0.0
00:39.829,0.0
00:39.826,0.0
00:39.823,0.0
00:39.820,0.0
00:39.817,0.0
00:39.814,0.0
00:39.811,0.0
00:39.807,0.0
00:39.804,0.0
00:39.801,0.0
00:39.798,0.0
00:39.795,0.0
00:39.792,0.0
00:39.789,0.0
00:39.786,0.0
00:39.783,0.0
00:39.780,0.0
00:39.777,0.0
00:39.774,0.0
00:39.771,0.0
00:39.768,0.0
00:39.765,0.0
00:39.762,0.0
00:39.759,0.0
00:39.756,0.0
00:39.753,0.0
00:39.750,0.0
00:39.746,0.0
00:39.743,0.0
00:39.740,0.0
00:39.737,0.0
00:39.734,0.0
00:39.731,0.0
00:39.728,0.0
00:39.725,0.0
00:39.722,0.0
00:39.719,0.0
00:39.716,0.0
00:39.713,0.0
00:39.710,0.0
00:39.707,0.0
00:39.704,0.0
00:39.701,0.0
00:39.698,0.0
00:39.695,0.0
00:39.692,0.0
00:39.689,0.0
00:39.686,0.0
00:39.682,0.0
00:39.679,0.0
00:39.676,0.0
00:39.673,0.0
00:39.670,0.0
00:39.667,0.0
00:39.664,0.0
00:39.661,0.0
00:39.658,0.0
00:39.655,0.0
00:39.652,0.0
00:39.649,0.0
00:39.646,0.0
00:39.643,0.0
00:39.640,0.0
00:39.637,0.0
00:39.634,0.0
00:39.631,0.0
00:39.628,0.0
00:39.625,0.0
00:39.621,0.0
00:39.618,0.0
00:39.615,0.0
00:39.612,0.0
00:39.609,0.0
00:39.606,0.0
00:39.603,0.0
00:39.600,0.0
00:39.597,0.0
00:39.594,0.0
00:39.591,0.0
00:39.588,0.0
00:39.585,0.0
00:39.582,0.0
00:39.579,0.0
00:39.576,0.0
00:39.573,0.0
00:39.570,0.0
00:39.567,0.0
00:39.564,0.0
00:39.561,0.0
00:39.557,0.0
00:39.554,0.0
00:39.551,0.0
00:39.548,0.0
00:39.545,0.0
00:39.542,0.0
00:39.539,0.0
00:39.536,0.0
00:39.533,0.0
00:39.530,0.0
00:39.527,0.0
00:39.524,0.0
00:39.521,0.0
00:39.518,0.0
00:39.515,0.0
00:39.512,0.0
00:39.509,0.0
00:39.506,0.0
00:39.503,0.0
00:39.500,0.0
00:39.496,0.0
00:39.493,0.0
00:39.490,0.0
00:39.487,0.0
00:39.484,0.0
00:39.481,0.0
00:39.478,0.0
00:39.475,0.0
00:39.472,0.0
00:39.469,0.0
00:39.466,0.0
00:39.463,0.0
00:39.460,0.0
00:39.457,0.0
00:39.454,0.0
00:39.451,0.0
00:39.448,0.0
00:39.445,0.0
00:39.442,0.0
00:39.439,0.0
00:39.435,0.0
00:39.432,0.0
00:39.429,0.0
00:39.426,0.0
00:39.423,0.0
00:39.420,0.0
00:39.417,0.0
00:39.414,0.0
00:39.411,0.0
00:39.408,0.0
00:39.405,0.0
00:39.402,0.0
00:39.399,0.0
00:39.396,0.0
00:39.393,0.0
00:39.390,0.0
00:39.387,0.0
00:39.384,0.0
00:39.381,0.0
00:39.378,0.0
00:39.375,0.0
00:39.371,0.0
00:39.368,0.0
00:39.365,0.0
00:39.362,0.0
00:39.359,0.0
00:39.356,0.0
00:39.353,0.0
00:39.350,0.0
00:39.347,0.0
00:39.344,0.0
00:39.341,0.0
00:39.338,0.0
00:39.335,0.0
00:39.332,0.0
00:39.329,0.0
00:39.326,0.0
00:39.323,0.0
00:39.320,0.0
00:39.317,0.0
00:39.314,0.0
00:39.310,0.0
00:39.307,0.0
00:39.304,0.0
00:39.301,0.0
00:39.298,0.0
00:39.295,0.0
00:39.292,0.0
00:39.289,0.0
00:39.286,0.0
00:39.283,0.0
00:39.280,0.0
00:39.277,0.0
00:39.274,0.0
00:39.271,0.0
00:39.268,0.0
00:39.265,0.0
00:39.262,0.0
00:39.259,0.0
00:39.256,0.0
00:39.253,0.0
00:39.250,0.0
00:39.246,0.0
00:39.243,0.0
00:39.240,0.0
00:39.237,0.0
00:39.234,0.0
00:39.231,0.0
00:39.228,0.0
00:39.225,0.0
00:39.222,0.0
00:39.219,0.0
00:39.216,0.0
00:39.213,0.0
00:39.210,0.0
00:39.207,0.0
00:39.204,0.0
00:39.201,0.0
00:39.198,0.0
00:39.195,0.0
00:39.192,0.0
00:39.189,0.0
00:39.185,0.0
00:39.182,0.0
00:39.179,0.0
00:39.176,0.0
00:39.173,0.0
00:39.170,0.0
00:39.167,0.0
00:39.164,0.0
00:39.161,0.0
00:39.158,0.0
00:39.155,0.0
00:39.152,0.0
00:39.149,0.0
00:39.146,0.0
00:39.143,0.0
00:39.140,0.0
00:39.137,0.0
00:39.134,0.0
00:39.131,0.0
00:39.128,0.0
00:39.125,0.0
00:39.121,0.0
00:39.118,0.0
00:39.115,0.0
00:39.112,0.0
00:39.109,0.0
00:39.106,0.0
00:39.103,0.0
00:39.100,0.0
00:39.097,0.0
00:39.094,0.0
00:39.091,0.0
00:39.088,0.0
00:39.085,0.0
00:39.082,0.0
00:39.079,0.0
00:39.076,0.0
00:39.073,0.0
00:39.070,0.0
00:39.067,0.0
00:39.064,0.0
00:39.060,0.0
00:39.057,0.0
00:39.054,0.0
00:39.051,0.0
00:39.048,0.0
00:39.045,0.0
00:39.042,0.0
00:39.039,0.0
00:39.036,0.0
00:39.033,0.0
00:39.030,0.0
00:39.027,0.0
00:39.024,0.0
00:39.021,0.0
00:39.018,0.0
00:39.015,0.0
00:39.012,0.0
00:39.009,0.0
00:39.006,0.0
00:39.003,0.0
00:39.000,0.0
00:38.997,0.0
00:38.993,0.0
00:38.990,0.0
00:38.987,0.0
00:38.984,0.0
00:38.981,0.0
00:38.978,0.0
00:38.975,0.0
00:38.972,0.0
00:38.969,0.0
00:38.966,0.0
00:38.963,0.0
00:38.960,0.0
00:38.957,0.0
00:38.954,0.0
00:38.951,0.0
00:38.948,0.0
00:38.945,0.0
00:38.942,0.0
00:38.939,0.0
00:38.936,0.0
00:38.932,0.0
00:38.929,0.0
00:38.926,0.0
00:38.923,0.0
00:38.920,0.0
00:38.917,0.0
00:38.914,0.0
00:38.911,0.0
00:38.908,0.0
00:38.905,0.0
00:38.902,0.0
00:38.899,0.0
00:38.896,0.0
00:38.893,0.0
00:38.890,0.0
00:38.887,0.0
00:38.884,0.0
00:38.881,0.0
00:38.878,0.0
00:38.875,0.0
00:38.872,0.0
00:38.869,0.0
00:38.865,0.0
00:38.862,0.0
00:38.859,0.0
00:38.856,0.0
00:38.853,0.0
00:38.850,0.0
00:38.847,0.0
00:38.844,0.0
00:38.841,0.0
00:38.838,0.0
00:38.835,0.0
00:38.832,0.0
00:38.829,0.0
00:38.826,0.0
00:38.823,0.0
00:38.820,0.0
00:38.817,0.0
00:38.814,0.0
00:38.811,0.0
00:38.807,0.0
00:38.804,0.0
00:38.801,0.0
00:38.798,0.0
00:38.795,0.0
00:38.792,0.0
00:38.789,0.0
00:38.786,0.0
00:38.783,0.0
00:38.780,0.0
00:38.777,0.0
00:38.774,0.0
00:38.771,0.0
00:38.768,0.0
00:38.765,0.0
00:38.762,0.0
00:38.759,0.0
00:38.756,0.0
00:38.753,0.0
00:38.750,0.0
00:38.747,0.0
00:38.744,0.0
00:38.741,0.0
00:38.737,0.0
00:38.734,0.0
00:38.731,0.0
00:38.728,0.0
00:38.725,0.0
00:38.722,0.0
00:38.719,0.0
00:38.716,0.0
00:38.713,0.0
00:38.710,0.0
00:38.707,0.0
00:38.704,0.0
00:38.701,0.0
00:38.698,0.0
00:38.695,0.0
00:38.692,0.0
00:38.689,0.0
00:38.686,0.0
00:38.682,0.0
00:38.679,0.0
00:38.676,0.0
00:38.673,0.0
00:38.670,0.0
00:38.667,0.0
00:38.664,0.0
00:38.661,0.0
00:38.658,0.0
00:38.655,0.0
00:38.652,0.0
00:38.649,0.0
00:38.646,0.0
00:38.643,0.0
00:38.640,0.0
00:38.637,0.0
00:38.634,0.0
00:38.631,0.0
00:38.628,0.0
00:38.625,0.0
00:38.622,0.0
00:38.619,0.0
00:38.616,0.0
00:38.613,0.0
00:38.609,0.0
00:38.606,0.0
00:38.603,0.0
00:38.600,0.0
00:38.597,0.0
00:38.594,0.0
00:38.591,0.0
00:38.588,0.0
00:38.585,0.0
00:38.582,0.0
00:38.579,0.0
00:38.576,0.0
00:38.573,0.0
00:38.570,0.0
00:38.567,0.0
00:38.564,0.0
00:38.561,0.0
00:38.557,0.0
00:38.554,0.0
00:38.551,0.0
00:38.548,0.0
00:38.545,0.0
00:38.542,0.0
00:38.539,0.0
00:38.536,0.0
00:38.533,0.0
00:38.530,0.0
00:38.527,0.0
00:38.524,0.0
00:38.521,0.0
00:38.518,0.0
00:38.515,0.0
00:38.512,0.0
00:38.509,0.0
00:38.506,0.0
00:38.503,0.0
00:38.500,0.0
00:38.497,0.0
00:38.494,0.0
00:38.491,0.0
00:38.488,0.0
00:38.485,0.0
00:38.481,0.0
00:38.478,0.0
00:38.475,0.0
00:38.472,0.0
00:38.469,0.0
00:38.466,0.0
00:38.463,0.0
00:38.460,0.0
00:38.457,0.0
00:38.454,0.0
00:38.451,0.0
00:38.448,0.0
00:38.445,0.0
00:38.442,0.0
00:38.439,0.0
00:38.435,0.0
00:38.432,0.0
00:38.429,0.0
00:38.426,0.0
00:38.423,0.0
00:38.420,0.0
00:38.417,0.0
00:38.414,0.0
00:38.411,0.0
00:38.408,0.0
00:38.405,0.0
00:38.402,0.0
00:38.399,0.0
00:38.396,0.0
00:38.393,0.0
00:38.390,0.0
00:38.387,0.0
00:38.384,0.0
00:38.381,0.0
00:38.378,0.0
00:38.375,0.0
00:38.372,0.0
00:38.369,0.0
00:38.366,0.0
00:38.363,0.0
00:38.360,0.0
00:38.357,0.0
00:38.353,0.0
00:38.350,0.0
00:38.347,0.0
00:38.344,0.0
00:38.341,0.0
00:38.338,0.0
00:38.335,0.0
00:38.332,0.0
00:38.329,0.0
00:38.326,0.0
00:38.323,0.0
00:38.320,0.0
00:38.317,0.0
00:38.314,0.0
00:38.310,0.0
00:38.307,0.0
00:38.304,0.0
00:38.301,0.0
00:38.298,0.0
00:38.295,0.0
00:38.292,0.0
00:38.289,0.0
00:38.286,0.0
00:38.283,0.0
00:38.280,0.0
00:38.277,0.0
00:38.274,0.0
00:38.271,0.0
00:38.268,0.0
00:38.265,0.0
00:38.262,0.0
00:38.259,0.0
00:38.256,0.0
00:38.253,0.0
00:38.250,0.0
00:38.247,0.0
00:38.244,0.0
00:38.241,0.0
00:38.238,0.0
00:38.235,0.0
00:38.232,0.0
00:38.229,0.0
00:38.225,0.0
00:38.222,0.0
00:38.219,0.0
00:38.216,0.0
00:38.213,0.0
00:38.210,0.0
00:38.207,0.0
00:38.204,0.0
00:38.201,0.0
00:38.198,0.0
00:38.195,0.0
00:38.192,0.0
00:38.189,0.0
00:38.186,0.0
00:38.182,0.0
00:38.179,0.0
00:38.176,0.0
00:38.173,0.0
00:38.170,0.0
00:38.167,0.0
00:38.164,0.0
00:38.161,0.0
00:38.158,0.0
00:38.155,0.0
00:38.152,0.0
00:38.149,0.0
00:38.146,0.0
00:38.143,0.0
00:38.140,0.0
00:38.137,0.0
00:38.134,0.0
00:38.131,0.0
00:38.128,0.0
00:38.125,0.0
00:38.122,0.0
00:38.119,0.0
00:38.116,0.0
00:38.113,0.0
00:38.110,0.0
00:38.107,0.0
00:38.104,0.0
00:38.101,0.0
00:38.097,0.0
00:38.094,0.0
00:38.091,0.0
00:38.088,0.0
00:38.085,0.0
00:38.082,0.0
00:38.079,0.0
00:38.076,0.0
00:38.073,0.0
00:38.070,0.0
00:38.067,0.0
00:38.064,0.0
00:38.061,0.0
00:38.058,0.0
00:38.054,0.0
00:38.051,0.0
00:38.048,0.0
00:38.045,0.0
00:38.042,0.0
00:38.039,0.0
00:38.036,0.0
00:38.033,0.0
00:38.030,0.0
00:38.027,0.0
00:38.024,0.0
00:38.021,0.0
00:38.018,0.0
00:38.015,0.0
00:38.012,0.0
00:38.009,0.0
00:38.006,0.0
00:38.003,0.0
00:38.000,0.0
00:37.997,0.0
00:37.994,0.0
00:37.991,0.0
00:37.988,0.0
00:37.985,0.0
00:37.982,0.0
00:37.979,0.0
00:37.976,0.0
00:37.973,0.0
00:37.969,0.0
00:37.966,0.0
00:37.963,0.0
00:37.960,0.0
00:37.957,0.0
00:37.954,0.0
00:37.951,0.0
00:37.948,0.0
00:37.945,0.0
00:37.942,0.0
00:37.939,0.0
00:37.936,0.0
00:37.933,0.0
00:37.930,0.0
00:37.926,0.0
00:37.923,0.0
00:37.920,0.0
00:37.917,0.0
00:37.914,0.0
00:37.911,0.0
00:37.908,0.0
00:37.905,0.0
00:37.902,0.0
00:37.899,0.0
00:37.896,0.0
00:37.893,0.0
00:37.890,0.0
00:37.887,0.0
00:37.884,0.0
00:37.881,0.0
00:37.878,0.0
00:37.875,0.0
00:37.872,0.0
00:37.869,0.0
00:37.866,0.0
00:37.863,0.0
00:37.860,0.0
00:37.857,0.0
00:37.854,0.0
00:37.851,0.0
00:37.848,0.0
00:37.845,0.0
00:37.841,0.0
00:37.838,0.0
00:37.835,0.0
00:37.832,0.0
00:37.829,0.0
00:37.826,0.0
00:37.823,0.0
00:37.820,0.0
00:37.817,0.0
00:37.814,0.0
00:37.811,0.0
00:37.808,0.0
00:37.805,0.0
00:37.802,0.0
00:37.798,0.0
00:37.795,0.0
00:37.792,0.0
00:37.789,0.0
00:37.786,0.0
00:37.783,0.0
00:37.780,0.0
00:37.777,0.0
00:37.774,0.0
00:37.771,0.0
00:37.768,0.0
00:37.765,0.0
00:37.762,0.0
00:37.759,0.0
00:37.756,0.0
00:37.753,0.0
00:37.750,0.0
00:37.747,0.0
00:37.744,0.0
00:37.741,0.0
00:37.738,0.0
00:37.735,0.0
00:37.732,0.0
00:37.729,0.0
00:37.726,0.0
00:37.723,0.0
00:37.720,0.0
00:37.718,0.0
00:37.713,0.0
00:37.710,0.0
00:37.707,0.0
00:37.704,0.0
00:37.701,0.0
00:37.698,0.0
00:37.695,0.0
00:37.692,0.0
00:37.689,0.0
00:37.686,0.0
00:37.683,0.0
00:37.680,0.0
00:37.677,0.0
00:37.674,0.0
00:37.670,0.0
00:37.667,0.0
00:37.664,0.0
00:37.661,0.0
00:37.658,0.0
00:37.655,0.0
00:37.652,0.0
00:37.649,0.0
00:37.646,0.0
00:37.643,0.0
00:37.640,0.0
00:37.637,0.0
00:37.634,0.0
00:37.631,0.0
00:37.628,0.0
00:37.625,0.0
00:37.622,0.0
00:37.619,0.0
00:37.616,0.0
00:37.613,0.0
00:37.610,0.0
00:37.607,0.0
00:37.604,0.0
00:37.601,0.0
00:37.598,0.0
00:37.595,0.0
00:37.593,0.0
00:37.590,0.0
00:37.585,0.0
00:37.582,0.0
00:37.579,0.0
00:37.576,0.0
00:37.573,0.0
00:37.570,0.0
00:37.567,0.0
00:37.564,0.0
00:37.561,0.0
00:37.558,0.0
00:37.555,0.0
00:37.552,0.0
00:37.549,0.0
00:37.546,0.0
00:37.542,0.0
00:37.539,0.0
00:37.536,0.0
00:37.533,0.0
00:37.530,0.0
00:37.527,0.0
00:37.524,0.0
00:37.521,0.0
00:37.518,0.0
00:37.515,0.0
00:37.512,0.0
00:37.509,0.0
00:37.506,0.0
00:37.503,0.0
00:37.500,0.0
00:37.497,0.0
00:37.494,0.0
00:37.491,0.0
00:37.488,0.0
00:37.485,0.0
00:37.482,0.0
00:37.479,0.0
00:37.476,0.0
00:37.473,0.0
00:37.470,0.0
00:37.468,0.0
00:37.465,0.0
00:37.462,0.0
00:37.457,0.0
00:37.454,0.0
00:37.451,0.0
00:37.448,0.0
00:37.445,0.0
00:37.442,0.0
00:37.439,0.0
00:37.436,0.0
00:37.433,0.0
00:37.430,0.0
00:37.427,0.0
00:37.424,0.0
00:37.421,0.0
00:37.418,0.0
00:37.414,0.0
00:37.411,0.0
00:37.408,0.0
00:37.405,0.0
00:37.402,0.0
00:37.399,0.0
00:37.396,0.0
00:37.393,0.0
00:37.390,0.0
00:37.387,0.0
00:37.384,0.0
00:37.381,0.0
00:37.378,0.0
00:37.375,0.0
00:37.372,0.0
00:37.369,0.0
00:37.366,0.0
00:37.363,0.0
00:37.360,0.0
00:37.357,0.0
00:37.354,0.0
00:37.351,0.0
00:37.348,0.0
00:37.345,0.0
00:37.343,0.0
00:37.340,0.0
00:37.337,0.0
00:37.334,0.0
00:37.329,0.0
00:37.326,0.0
00:37.323,0.0
00:37.320,0.0
00:37.317,0.0
00:37.314,0.0
00:37.311,0.0
00:37.308,0.0
00:37.305,0.0
00:37.302,0.0
00:37.299,0.0
00:37.296,0.0
00:37.293,0.0
00:37.290,0.0
00:37.286,0.0
00:37.283,0.0
00:37.280,0.0
00:37.277,0.0
00:37.274,0.0
00:37.271,0.0
00:37.268,0.0
00:37.265,0.0
00:37.262,0.0
00:37.259,0.0
00:37.256,0.0
00:37.253,0.0
00:37.250,0.0
00:37.247,0.0
00:37.244,0.0
00:37.241,0.0
00:37.238,0.0
00:37.235,0.0
00:37.232,0.0
00:37.229,0.0
00:37.226,0.0
00:37.223,0.0
00:37.220,0.0
00:37.218,0.0
00:37.215,0.0
00:37.212,0.0
00:37.209,0.0
00:37.206,0.0
00:37.201,0.0
00:37.198,0.0
00:37.195,0.0
00:37.192,0.0
00:37.189,0.0
00:37.186,0.0
00:37.183,0.0
00:37.180,0.0
00:37.177,0.0
00:37.174,0.0
00:37.171,0.0
00:37.168,0.0
00:37.165,0.0
00:37.162,0.0
00:37.158,0.0
00:37.155,0.0
00:37.152,0.0
00:37.149,0.0
00:37.146,0.0
00:37.143,0.0
00:37.140,0.0
00:37.137,0.0
00:37.134,0.0
00:37.131,0.0
00:37.128,0.0
00:37.125,0.0
00:37.122,0.0
00:37.119,0.0
00:37.116,0.0
00:37.113,0.0
00:37.110,0.0
00:37.107,0.0
00:37.104,0.0
00:37.101,0.0
00:37.098,0.0
00:37.095,0.0
00:37.093,0.0
00:37.090,0.0
00:37.087,0.0
00:37.084,0.0
00:37.081,0.0
00:37.078,0.0
00:37.073,0.0
00:37.070,0.0
00:37.067,0.0
00:37.064,0.0
00:37.061,0.0
00:37.058,0.0
00:37.055,0.0
00:37.052,0.0
00:37.049,0.0
00:37.046,0.0
00:37.043,0.0
00:37.040,0.0
00:37.037,0.0
00:37.034,0.0
00:37.030,0.0
00:37.027,0.0
00:37.024,0.0
00:37.021,0.0
00:37.018,0.0
00:37.015,0.0
00:37.012,0.0
00:37.009,0.0
00:37.006,0.0
00:37.003,0.0
00:37.000,0.0
00:36.997,0.0
00:36.994,0.0
00:36.991,0.0
00:36.988,0.0
00:36.985,0.0
00:36.982,0.0
00:36.979,0.0
00:36.976,0.0
00:36.973,0.0
00:36.970,0.0
00:36.968,0.0
00:36.965,0.0
00:36.962,0.0
00:36.959,0.0
00:36.956,0.0
00:36.953,0.0
00:36.950,0.0
00:36.945,0.0
00:36.942,0.0
00:36.939,0.0
00:36.936,0.0
00:36.933,0.0
00:36.930,0.0
00:36.927,0.0
00:36.924,0.0
00:36.921,0.0
00:36.918,0.0
00:36.915,0.0
00:36.912,0.0
00:36.909,0.0
00:36.906,0.0
00:36.902,0.0
00:36.899,0.0
00:36.896,0.0
00:36.893,0.0
00:36.890,0.0
00:36.887,0.0
00:36.884,0.0
00:36.881,0.0
00:36.878,0.0
00:36.875,0.0
00:36.872,0.0
00:36.869,0.0
00:36.866,0.0
00:36.863,0.0
00:36.860,0.0
00:36.857,0.0
00:36.854,0.0
00:36.851,0.0
00:36.848,0.0
00:36.845,0.0
00:36.843,0.0
00:36.840,0.0
00:36.837,0.0
00:36.834,0.0
00:36.831,0.0
00:36.828,0.0
00:36.825,0.0
00:36.822,0.0
00:36.817,0.0
00:36.814,0.0
00:36.811,0.0
00:36.808,0.0
00:36.805,0.0
00:36.802,0.0
00:36.799,0.0
00:36.796,0.0
00:36.793,0.0
00:36.790,0.0
00:36.787,0.0
00:36.784,0.0
00:36.781,0.0
00:36.779,0.0
00:36.774,0.0
00:36.771,0.0
00:36.768,0.0
00:36.765,0.0
00:36.762,0.0
00:36.759,0.0
00:36.756,0.0
00:36.753,0.0
00:36.750,0.0
00:36.747,0.0
00:36.744,0.0
00:36.741,0.0
00:36.738,0.0
00:36.735,0.0
00:36.732,0.0
00:36.729,0.0
00:36.726,0.0
00:36.723,0.0
00:36.720,0.0
00:36.718,0.0
00:36.715,0.0
00:36.712,0.0
00:36.709,0.0
00:36.706,0.0
00:36.703,0.0
00:36.700,0.0
00:36.697,0.0
00:36.694,0.0
00:36.689,0.0
00:36.686,0.0
00:36.683,0.0
00:36.680,0.0
00:36.677,0.0
00:36.674,0.0
00:36.671,0.0
00:36.668,0.0
00:36.665,0.0
00:36.662,0.0
00:36.659,0.0
00:36.656,0.0
00:36.654,0.0
00:36.651,0.0
00:36.646,0.0
00:36.643,0.0
00:36.640,0.0
00:36.637,0.0
00:36.634,0.0
00:36.631,0.0
00:36.628,0.0
00:36.625,0.0
00:36.622,0.0
00:36.619,0.0
00:36.616,0.0
00:36.613,0.0
00:36.610,0.0
00:36.607,0.0
00:36.604,0.0
00:36.601,0.0
00:36.598,0.0
00:36.595,0.0
00:36.593,0.0
00:36.590,0.0
00:36.587,0.0
00:36.584,0.0
00:36.581,0.0
00:36.578,0.0
00:36.575,0.0
00:36.572,0.0
00:36.569,0.0
00:36.566,0.0
00:36.561,0.0
00:36.558,0.0
00:36.555,0.0
00:36.552,0.0
00:36.549,0.0
00:36.546,0.0
00:36.543,0.0
00:36.540,0.0
00:36.537,0.0
00:36.534,0.0
00:36.531,0.0
00:36.529,0.0
00:36.526,0.0
00:36.523,0.0
00:36.518,0.0
00:36.515,0.0
00:36.512,0.0
00:36.509,0.0
00:36.506,0.0
00:36.503,0.0
00:36.500,0.0
00:36.497,0.0
00:36.494,0.0
00:36.491,0.0
00:36.488,0.0
00:36.485,0.0
00:36.482,0.0
00:36.479,0.0
00:36.476,0.0
00:36.473,0.0
00:36.470,0.0
00:36.468,0.0
00:36.465,0.0
00:36.462,0.0
00:36.459,0.0
00:36.456,0.0
00:36.453,0.0
00:36.450,0.0
00:36.447,0.0
00:36.444,0.0
00:36.441,0.0
00:36.438,0.0
00:36.433,0.0
00:36.430,0.0
00:36.427,0.0
00:36.424,0.0
00:36.421,0.0
00:36.418,0.0
00:36.415,0.0
00:36.412,0.0
00:36.409,0.0
00:36.406,0.0
00:36.404,0.0
00:36.401,0.0
00:36.398,0.0
00:36.395,0.0
00:36.390,0.0
00:36.387,0.0
00:36.384,0.0
00:36.381,0.0
00:36.378,0.0
00:36.375,0.0
00:36.372,0.0
00:36.369,0.0
00:36.366,0.0
00:36.363,0.0
00:36.360,0.0
00:36.357,0.0
00:36.354,0.0
00:36.351,0.0
00:36.348,0.0
00:36.345,0.0
00:36.343,0.0
00:36.340,0.0
00:36.337,0.0
00:36.334,0.0
00:36.331,0.0
00:36.328,0.0
00:36.325,0.0
00:36.322,0.0
00:36.319,0.0
00:36.316,0.0
00:36.313,0.0
00:36.310,0.0
00:36.305,0.0
00:36.302,0.0
00:36.299,0.0
00:36.296,0.0
00:36.293,0.0
00:36.290,0.0
00:36.287,0.0
00:36.284,0.0
00:36.281,0.0
00:36.279,0.0
00:36.276,0.0
00:36.273,0.0
00:36.270,0.0
00:36.267,0.0
00:36.262,0.0
00:36.259,0.0
00:36.256,0.0
00:36.253,0.0
00:36.250,0.0
00:36.247,0.0
00:36.244,0.0
00:36.241,0.0
00:36.238,0.0
00:36.235,0.0
00:36.232,0.0
00:36.229,0.0
00:36.226,0.0
00:36.223,0.0
00:36.220,0.0
00:36.218,0.0
00:36.215,0.0
00:36.212,0.0
00:36.209,0.0
00:36.206,0.0
00:36.203,0.0
00:36.200,0.0
00:36.197,0.0
00:36.194,0.0
00:36.191,0.0
00:36.188,0.0
00:36.185,0.0
00:36.182,0.0
00:36.177,0.0
00:36.174,0.0
00:36.171,0.0
00:36.168,0.0
00:36.165,0.0
00:36.162,0.0
00:36.159,0.0
00:36.156,0.0
00:36.154,0.0
00:36.151,0.0
00:36.148,0.0
00:36.145,0.0
00:36.142,0.0
00:36.139,0.0
00:36.134,0.0
00:36.131,0.0
00:36.128,0.0
00:36.125,0.0
00:36.122,0.0
00:36.119,0.0
00:36.116,0.0
00:36.113,0.0
00:36.110,0.0
00:36.107,0.0
00:36.104,0.0
00:36.101,0.0
00:36.098,0.0
00:36.095,0.0
00:36.093,0.0
00:36.090,0.0
00:36.087,0.0
00:36.084,0.0
00:36.081,0.0
00:36.078,0.0
00:36.075,0.0
00:36.072,0.0
00:36.069,0.0
00:36.066,0.0
00:36.063,0.0
00:36.060,0.0
00:36.057,0.0
00:36.054,0.0
00:36.049,0.0
00:36.046,0.0
00:36.043,0.0
00:36.040,0.0
00:36.037,0.0
00:36.034,0.0
00:36.031,0.0
00:36.029,0.0
00:36.026,0.0
00:36.023,0.0
00:36.020,0.0
00:36.017,0.0
00:36.014,0.0
00:36.011,0.0
00:36.006,0.0
00:36.003,0.0
00:36.000,0.0
00:35.997,0.0
00:35.994,0.0
00:35.991,0.0
00:35.988,0.0
00:35.985,0.0
00:35.982,0.0
00:35.979,0.0
00:35.976,0.0
00:35.973,0.0
00:35.970,0.0
00:35.968,0.0
00:35.965,0.0
00:35.962,0.0
00:35.959,0.0
00:35.956,0.0
00:35.953,0.0
00:35.950,0.0
00:35.947,0.0
00:35.944,0.0
00:35.941,0.0
00:35.938,0.0
00:35.935,0.0
00:35.932,0.0
00:35.929,0.0
00:35.926,0.0
00:35.921,0.0
00:35.918,0.0
00:35.915,0.0
00:35.912,0.0
00:35.909,0.0
00:35.906,0.0
00:35.904,0.0
00:35.901,0.0
00:35.898,0.0
00:35.895,0.0
00:35.892,0.0
00:35.889,0.0
00:35.886,0.0
00:35.883,0.0
00:35.878,0.0
00:35.875,0.0
00:35.872,0.0
00:35.869,0.0
00:35.866,0.0
00:35.863,0.0
00:35.860,0.0
00:35.857,0.0
00:35.854,0.0
00:35.851,0.0
00:35.848,0.0
00:35.845,0.0
00:35.843,0.0
00:35.840,0.0
00:35.837,0.0
00:35.834,0.0
00:35.831,0.0
00:35.828,0.0
00:35.825,0.0
00:35.822,0.0
00:35.819,0.0
00:35.816,0.0
00:35.813,0.0
00:35.810,0.0
00:35.807,0.0
00:35.804,0.0
00:35.801,0.0
00:35.798,0.0
00:35.793,0.0
00:35.790,0.0
00:35.787,0.0
00:35.784,0.0
00:35.781,0.0
00:35.779,0.0
00:35.776,0.0
00:35.773,0.0
00:35.770,0.0
00:35.767,0.0
00:35.764,0.0
00:35.761,0.0
00:35.758,0.0
00:35.755,0.0
00:35.750,0.0
00:35.747,0.0
00:35.744,0.0
00:35.741,0.0
00:35.738,0.0
00:35.735,0.0
00:35.732,0.0
00:35.729,0.0
00:35.726,0.0
00:35.723,0.0
00:35.720,0.0
00:35.718,0.0
00:35.715,0.0
00:35.712,0.0
00:35.709,0.0
00:35.706,0.0
00:35.703,0.0
00:35.700,0.0
00:35.697,0.0
00:35.694,0.0
00:35.691,0.0
00:35.688,0.0
00:35.685,0.0
00:35.682,0.0
00:35.679,0.0
00:35.676,0.0
00:35.673,0.0
00:35.670,0.0
00:35.665,0.0
00:35.662,0.0
00:35.659,0.0
00:35.656,0.0
00:35.654,0.0
00:35.651,0.0
00:35.648,0.0
00:35.645,0.0
00:35.642,0.0
00:35.639,0.0
00:35.636,0.0
00:35.633,0.0
00:35.630,0.0
00:35.627,0.0
00:35.622,0.0
00:35.619,0.0
00:35.616,0.0
00:35.613,0.0
00:35.610,0.0
00:35.607,0.0
00:35.604,0.0
00:35.601,0.0
00:35.598,0.0
00:35.595,0.0
00:35.593,0.0
00:35.590,0.0
00:35.587,0.0
00:35.584,0.0
00:35.581,0.0
00:35.578,0.0
00:35.575,0.0
00:35.572,0.0
00:35.569,0.0
00:35.566,0.0
00:35.563,0.0
00:35.560,0.0
00:35.557,0.0
00:35.554,0.0
00:35.551,0.0
00:35.548,0.0
00:35.545,0.0
00:35.542,0.0
00:35.537,0.0
00:35.534,0.0
00:35.531,0.0
00:35.529,0.0
00:35.526,0.0
00:35.523,0.0
00:35.520,0.0
00:35.517,0.0
00:35.514,0.0
00:35.511,0.0
00:35.508,0.0
00:35.505,0.0
00:35.502,0.0
00:35.499,0.0
00:35.494,0.0
00:35.491,0.0
00:35.488,0.0
00:35.485,0.0
00:35.482,0.0
00:35.479,0.0
00:35.476,0.0
00:35.473,0.0
00:35.470,0.0
00:35.468,0.0
00:35.465,0.0
00:35.462,0.0
00:35.459,0.0
00:35.456,0.0
00:35.453,0.0
00:35.450,0.0
00:35.447,0.0
00:35.444,0.0
00:35.441,0.0
00:35.438,0.0
00:35.435,0.0
00:35.432,0.0
00:35.429,0.0
00:35.426,0.0
00:35.423,0.0
00:35.420,0.0
00:35.417,0.0
00:35.414,0.0
00:35.409,0.0
00:35.406,0.0
00:35.404,0.0
00:35.401,0.0
00:35.398,0.0
00:35.395,0.0
00:35.392,0.0
00:35.389,0.0
00:35.386,0.0
00:35.383,0.0
00:35.380,0.0
00:35.377,0.0
00:35.374,0.0
00:35.371,0.0
00:35.366,0.0
00:35.363,0.0
00:35.360,0.0
00:35.357,0.0
00:35.354,0.0
00:35.351,0.0
00:35.348,0.0
00:35.345,0.0
00:35.343,0.0
00:35.340,0.0
00:35.337,0.0
00:35.334,0.0
00:35.331,0.0
00:35.328,0.0
00:35.325,0.0
00:35.322,0.0
00:35.319,0.0
00:35.316,0.0
00:35.313,0.0
00:35.310,0.0
00:35.307,0.0
00:35.304,0.0
00:35.301,0.0
00:35.298,0.0
00:35.295,0.0
00:35.292,0.0
00:35.289,0.0
00:35.286,0.0
00:35.281,0.0
00:35.279,0.0
00:35.276,0.0
00:35.273,0.0
00:35.270,0.0
00:35.267,0.0
00:35.264,0.0
00:35.261,0.0
00:35.258,0.0
00:35.255,0.0
00:35.252,0.0
00:35.249,0.0
00:35.246,0.0
00:35.243,0.0
00:35.238,0.0
00:35.235,0.0
00:35.232,0.0
00:35.229,0.0
00:35.226,0.0
00:35.223,0.0
00:35.220,0.0
00:35.218,0.0
00:35.215,0.0
00:35.212,0.0
00:35.209,0.0
00:35.206,0.0
00:35.203,0.0
00:35.200,0.0
00:35.197,0.0
00:35.194,0.0
00:35.191,0.0
00:35.188,0.0
00:35.185,0.0
00:35.182,0.0
00:35.179,0.0
00:35.176,0.0
00:35.173,0.0
00:35.170,0.0
00:35.167,0.0
00:35.164,0.0
00:35.161,0.0
00:35.158,0.0
00:35.154,0.0
00:35.151,0.0
00:35.148,0.0
00:35.145,0.0
00:35.142,0.0
00:35.139,0.0
00:35.136,0.0
00:35.133,0.0
00:35.130,0.0
00:35.127,0.0
00:35.124,0.0
00:35.121,0.0
00:35.118,0.0
00:35.115,0.0
00:35.110,0.0
00:35.107,0.0
00:35.104,0.0
00:35.101,0.0
00:35.098,0.0
00:35.095,0.0
00:35.093,0.0
00:35.090,0.0
00:35.087,0.0
00:35.084,0.0
00:35.081,0.0
00:35.078,0.0
00:35.075,0.0
00:35.072,0.0
00:35.069,0.0
00:35.066,0.0
00:35.063,0.0
00:35.060,0.0
00:35.057,0.0
00:35.054,0.0
00:35.051,0.0
00:35.048,0.0
00:35.045,0.0
00:35.042,0.0
00:35.039,0.0
00:35.036,0.0
00:35.033,0.0
00:35.030,0.0
00:35.026,0.0
00:35.023,0.0
00:35.020,0.0
00:35.017,0.0
00:35.014,0.0
00:35.011,0.0
00:35.008,0.0
00:35.005,0.0
00:35.002,0.0
00:34.999,0.0
00:34.996,0.0
00:34.993,0.0
00:34.990,0.0
00:34.987,0.0
00:34.982,0.0
00:34.979,0.0
00:34.976,0.0
00:34.973,0.0
00:34.970,0.0
00:34.968,0.0
00:34.965,0.0
00:34.962,0.0
00:34.959,0.0
00:34.956,0.0
00:34.953,0.0
00:34.950,0.0
00:34.947,0.0
00:34.944,0.0
00:34.941,0.0
00:34.938,0.0
00:34.935,0.0
00:34.932,0.0
00:34.929,0.0
00:34.926,0.0
00:34.923,0.0
00:34.920,0.0
00:34.917,0.0
00:34.914,0.0
00:34.911,0.0
00:34.908,0.0
00:34.905,0.0
00:34.902,0.0
00:34.898,0.0
00:34.895,0.0
00:34.892,0.0
00:34.889,0.0
00:34.886,0.0
00:34.883,0.0
00:34.880,0.0
00:34.877,0.0
00:34.874,0.0
00:34.871,0.0
00:34.868,0.0
00:34.865,0.0
00:34.862,0.0
00:34.859,0.0
00:34.854,0.0
00:34.851,0.0
00:34.848,0.0
00:34.845,0.0
00:34.843,0.0
00:34.840,0.0
00:34.837,0.0
00:34.834,0.0
00:34.831,0.0
00:34.828,0.0
00:34.825,0.0
00:34.822,0.0
00:34.819,0.0
00:34.816,0.0
00:34.813,0.0
00:34.810,0.0
00:34.807,0.0
00:34.804,0.0
00:34.801,0.0
00:34.798,0.0
00:34.795,0.0
00:34.792,0.0
00:34.789,0.0
00:34.786,0.0
00:34.783,0.0
00:34.780,0.0
00:34.777,0.0
00:34.774,0.0
00:34.770,0.0
00:34.767,0.0
00:34.764,0.0
00:34.761,0.0
00:34.758,0.0
00:34.755,0.0
00:34.752,0.0
00:34.749,0.0
00:34.746,0.0
00:34.743,0.0
00:34.740,0.0
00:34.737,0.0
00:34.734,0.0
00:34.731,0.0
00:34.726,0.0
00:34.723,0.0
00:34.720,0.0
00:34.718,0.0
00:34.715,0.0
00:34.712,0.0
00:34.709,0.0
00:34.706,0.0
00:34.703,0.0
00:34.700,0.0
00:34.697,0.0
00:34.694,0.0
00:34.691,0.0
00:34.688,0.0
00:34.685,0.0
00:34.682,0.0
00:34.679,0.0
00:34.676,0.0
00:34.673,0.0
00:34.670,0.0
00:34.667,0.0
00:34.664,0.0
00:34.661,0.0
00:34.658,0.0
00:34.655,0.0
00:34.652,0.0
00:34.649,0.0
00:34.646,0.0
00:34.642,0.0
00:34.639,0.0
00:34.636,0.0
00:34.633,0.0
00:34.630,0.0
00:34.627,0.0
00:34.624,0.0
00:34.621,0.0
00:34.618,0.0
00:34.615,0.0
00:34.612,0.0
00:34.609,0.0
00:34.606,0.0
00:34.603,0.0
00:34.598,0.0
00:34.595,0.0
00:34.593,0.0
00:34.590,0.0
00:34.587,0.0
00:34.584,0.0
00:34.581,0.0
00:34.578,0.0
00:34.575,0.0
00:34.572,0.0
00:34.569,0.0
00:34.566,0.0
00:34.563,0.0
00:34.560,0.0
00:34.557,0.0
00:34.554,0.0
00:34.551,0.0
00:34.548,0.0
00:34.545,0.0
00:34.542,0.0
00:34.539,0.0
00:34.536,0.0
00:34.533,0.0
00:34.530,0.0
00:34.527,0.0
00:34.524,0.0
00:34.521,0.0
00:34.518,0.0
00:34.514,0.0
00:34.511,0.0
00:34.508,0.0
00:34.505,0.0
00:34.502,0.0
00:34.499,0.0
00:34.496,0.0
00:34.493,0.0
00:34.490,0.0
00:34.487,0.0
00:34.484,0.0
00:34.481,0.0
00:34.478,0.0
00:34.475,0.0
00:34.470,0.0
00:34.468,0.0
00:34.465,0.0
00:34.462,0.0
00:34.459,0.0
00:34.456,0.0
00:34.453,0.0
00:34.450,0.0
00:34.447,0.0
00:34.444,0.0
00:34.441,0.0
00:34.438,0.0
00:34.435,0.0
00:34.432,0.0
00:34.429,0.0
00:34.426,0.0
00:34.423,0.0
00:34.420,0.0
00:34.417,0.0
00:34.414,0.0
00:34.411,0.0
00:34.408,0.0
00:34.405,0.0
00:34.402,0.0
00:34.399,0.0
00:34.396,0.0
00:34.393,0.0
00:34.390,0.0
00:34.386,0.0
00:34.383,0.0
00:34.380,0.0
00:34.377,0.0
00:34.374,0.0
00:34.371,0.0
00:34.368,0.0
00:34.365,0.0
00:34.362,0.0
00:34.359,0.0
00:34.356,0.0
00:34.353,0.0
00:34.350,0.0
00:34.347,0.0
00:34.343,0.0
00:34.340,0.0
00:34.337,0.0
00:34.334,0.0
00:34.331,0.0
00:34.328,0.0
00:34.325,0.0
00:34.322,0.0
00:34.319,0.0
00:34.316,0.0
00:34.313,0.0
00:34.310,0.0
00:34.307,0.0
00:34.304,0.0
00:34.301,0.0
00:34.298,0.0
00:34.295,0.0
00:34.292,0.0
00:34.289,0.0
00:34.286,0.0
00:34.283,0.0
00:34.280,0.0
00:34.277,0.0
00:34.274,0.0
00:34.271,0.0
00:34.268,0.0
00:34.265,0.0
00:34.262,0.0
00:34.258,0.0
00:34.255,0.0
00:34.252,0.0
00:34.249,0.0
00:34.246,0.0
00:34.243,0.0
00:34.240,0.0
00:34.237,0.0
00:34.234,0.0
00:34.231,0.0
00:34.228,0.0
00:34.225,0.0
00:34.222,0.0
00:34.219,0.0
00:34.215,0.0
00:34.212,0.0
00:34.209,0.0
00:34.206,0.0
00:34.203,0.0
00:34.200,0.0
00:34.197,0.0
00:34.194,0.0
00:34.191,0.0
00:34.188,0.0
00:34.185,0.0
00:34.182,0.0
00:34.179,0.0
00:34.176,0.0
00:34.173,0.0
00:34.170,0.0
00:34.167,0.0
00:34.164,0.0
00:34.161,0.0
00:34.158,0.0
00:34.155,0.0
00:34.152,0.0
00:34.149,0.0
00:34.146,0.0
00:34.143,0.0
00:34.140,0.0
00:34.137,0.0
00:34.134,0.0
00:34.130,0.0
00:34.127,0.0
00:34.124,0.0
00:34.121,0.0
00:34.118,0.0
00:34.115,0.0
00:34.112,0.0
00:34.109,0.0
00:34.106,0.0
00:34.103,0.0
00:34.100,0.0
00:34.097,0.0
00:34.094,0.0
00:34.091,0.0
00:34.087,0.0
00:34.084,0.0
00:34.081,0.0
00:34.078,0.0
00:34.075,0.0
00:34.072,0.0
00:34.069,0.0
00:34.066,0.0
00:34.063,0.0
00:34.060,0.0
00:34.057,0.0
00:34.054,0.0
00:34.051,0.0
00:34.048,0.0
00:34.045,0.0
00:34.042,0.0
00:34.039,0.0
00:34.036,0.0
00:34.033,0.0
00:34.030,0.0
00:34.027,0.0
00:34.024,0.0
00:34.021,0.0
00:34.018,0.0
00:34.015,0.0
00:34.012,0.0
00:34.009,0.0
00:34.006,0.0
00:34.002,0.0
00:33.999,0.0
00:33.996,0.0
00:33.993,0.0
00:33.990,0.0
00:33.987,0.0
00:33.984,0.0
00:33.981,0.0
00:33.978,0.0
00:33.975,0.0
00:33.972,0.0
00:33.969,0.0
00:33.966,0.0
00:33.963,0.0
00:33.959,0.0
00:33.956,0.0
00:33.953,0.0
00:33.950,0.0
00:33.947,0.0
00:33.944,0.0
00:33.941,0.0
00:33.938,0.0
00:33.935,0.0
00:33.932,0.0
00:33.929,0.0
00:33.926,0.0
00:33.923,0.0
00:33.920,0.0
00:33.917,0.0
00:33.914,0.0
00:33.911,0.0
00:33.908,0.0
00:33.905,0.0
00:33.902,0.0
00:33.899,0.0
00:33.896,0.0
00:33.893,0.0
00:33.890,0.0
00:33.887,0.0
00:33.884,0.0
00:33.881,0.0
00:33.878,0.0
00:33.874,0.0
00:33.871,0.0
00:33.868,0.0
00:33.865,0.0
00:33.862,0.0
00:33.859,0.0
00:33.856,0.0
00:33.853,0.0
00:33.850,0.0
00:33.847,0.0
00:33.844,0.0
00:33.841,0.0
00:33.838,0.0
00:33.835,0.0
00:33.831,0.0
00:33.828,0.0
00:33.825,0.0
00:33.822,0.0
00:33.819,0.0
00:33.816,0.0
00:33.813,0.0
00:33.810,0.0
00:33.807,0.0
00:33.804,0.0
00:33.801,0.0
00:33.798,0.0
00:33.795,0.0
00:33.792,0.0
00:33.789,0.0
00:33.786,0.0
00:33.783,0.0
00:33.780,0.0
00:33.777,0.0
00:33.774,0.0
00:33.771,0.0
00:33.768,0.0
00:33.765,0.0
00:33.762,0.0
00:33.759,0.0
00:33.756,0.0
00:33.753,0.0
00:33.750,0.0
00:33.746,0.0
00:33.743,0.0
00:33.740,0.0
00:33.737,0.0
00:33.734,0.0
00:33.731,0.0
00:33.728,0.0
00:33.725,0.0
00:33.722,0.0
00:33.719,0.0
00:33.716,0.0
00:33.713,0.0
00:33.710,0.0
00:33.707,0.0
00:33.703,0.0
00:33.700,0.0
00:33.697,0.0
00:33.694,0.0
00:33.691,0.0
00:33.688,0.0
00:33.685,0.0
00:33.682,0.0
00:33.679,0.0
00:33.676,0.0
00:33.673,0.0
00:33.670,0.0
00:33.667,0.0
00:33.664,0.0
00:33.661,0.0
00:33.658,0.0
00:33.655,0.0
00:33.652,0.0
00:33.649,0.0
00:33.646,0.0
00:33.643,0.0
00:33.640,0.0
00:33.637,0.0
00:33.634,0.0
00:33.631,0.0
00:33.628,0.0
00:33.625,0.0
00:33.621,0.0
00:33.618,0.0
00:33.615,0.0
00:33.612,0.0
00:33.609,0.0
00:33.606,0.0
00:33.603,0.0
00:33.600,0.0
00:33.597,0.0
00:33.594,0.0
00:33.591,0.0
00:33.588,0.0
00:33.585,0.0
00:33.582,0.0
00:33.579,0.0
00:33.575,0.0
00:33.572,0.0
00:33.569,0.0
00:33.566,0.0
00:33.563,0.0
00:33.560,0.0
00:33.557,0.0
00:33.554,0.0
00:33.551,0.0
00:33.548,0.0
00:33.545,0.0
00:33.542,0.0
00:33.539,0.0
00:33.536,0.0
00:33.533,0.0
00:33.530,0.0
00:33.527,0.0
00:33.524,0.0
00:33.521,0.0
00:33.518,0.0
00:33.515,0.0
00:33.512,0.0
00:33.509,0.0
00:33.506,0.0
00:33.503,0.0
00:33.500,0.0
00:33.496,0.0
00:33.493,0.0
00:33.490,0.0
00:33.487,0.0
00:33.484,0.0
00:33.481,0.0
00:33.478,0.0
00:33.475,0.0
00:33.472,0.0
00:33.469,0.0
00:33.466,0.0
00:33.463,0.0
00:33.460,0.0
00:33.457,0.0
00:33.454,0.0
00:33.451,0.0
00:33.447,0.0
00:33.444,0.0
00:33.441,0.0
00:33.438,0.0
00:33.435,0.0
00:33.432,0.0
00:33.429,0.0
00:33.426,0.0
00:33.423,0.0
00:33.420,0.0
00:33.417,0.0
00:33.414,0.0
00:33.411,0.0
00:33.408,0.0
00:33.405,0.0
00:33.402,0.0
00:33.399,0.0
00:33.396,0.0
00:33.393,0.0
00:33.390,0.0
00:33.387,0.0
00:33.384,0.0
00:33.381,0.0
00:33.378,0.0
00:33.375,0.0
00:33.371,0.0
00:33.368,0.0
00:33.365,0.0
00:33.362,0.0
00:33.359,0.0
00:33.356,0.0
00:33.353,0.0
00:33.350,0.0
00:33.347,0.0
00:33.344,0.0
00:33.341,0.0
00:33.338,0.0
00:33.335,0.0
00:33.332,0.0
00:33.329,0.0
00:33.326,0.0
00:33.323,0.0
00:33.319,0.0
00:33.316,0.0
00:33.313,0.0
00:33.310,0.0
00:33.307,0.0
00:33.304,0.0
00:33.301,0.0
00:33.298,0.0
00:33.295,0.0
00:33.292,0.0
00:33.289,0.0
00:33.286,0.0
00:33.283,0.0
00:33.280,0.0
00:33.277,0.0
00:33.274,0.0
00:33.271,0.0
00:33.268,0.0
00:33.265,0.0
00:33.262,0.0
00:33.259,0.0
00:33.256,0.0
00:33.253,0.0
00:33.250,0.0
00:33.246,0.0
00:33.243,0.0
00:33.240,0.0
00:33.237,0.0
00:33.234,0.0
00:33.231,0.0
00:33.228,0.0
00:33.225,0.0
00:33.222,0.0
00:33.219,0.0
00:33.216,0.0
00:33.213,0.0
00:33.210,0.0
00:33.207,0.0
00:33.204,0.0
00:33.201,0.0
00:33.198,0.0
00:33.195,0.0
00:33.191,0.0
00:33.188,0.0
00:33.185,0.0
00:33.182,0.0
00:33.179,0.0
00:33.176,0.0
00:33.173,0.0
00:33.170,0.0
00:33.167,0.0
00:33.164,0.0
00:33.161,0.0
00:33.158,0.0
00:33.155,0.0
00:33.152,0.0
00:33.149,0.0
00:33.146,0.0
00:33.143,0.0
00:33.140,0.0
00:33.137,0.0
00:33.134,0.0
00:33.131,0.0
00:33.128,0.0
00:33.125,0.0
00:33.121,0.0
00:33.118,0.0
00:33.115,0.0
00:33.112,0.0
00:33.109,0.0
00:33.106,0.0
00:33.103,0.0
00:33.100,0.0
00:33.097,0.0
00:33.094,0.0
00:33.091,0.0
00:33.088,0.0
00:33.085,0.0
00:33.082,0.0
00:33.079,0.0
00:33.076,0.0
00:33.073,0.0
00:33.070,0.0
00:33.067,0.0
00:33.063,0.0
00:33.060,0.0
00:33.057,0.0
00:33.054,0.0
00:33.051,0.0
00:33.048,0.0
00:33.045,0.0
00:33.042,0.0
00:33.039,0.0
00:33.036,0.0
00:33.033,0.0
00:33.030,0.0
00:33.027,0.0
00:33.024,0.0
00:33.021,0.0
00:33.018,0.0
00:33.015,0.0
00:33.012,0.0
00:33.009,0.0
00:33.006,0.0
00:33.003,0.0
00:33.000,0.0
00:32.996,0.0
00:32.993,0.0
00:32.990,0.0
00:32.987,0.0
00:32.984,0.0
00:32.981,0.0
00:32.978,0.0
00:32.975,0.0
00:32.972,0.0
00:32.969,0.0
00:32.966,0.0
00:32.963,0.0
00:32.960,0.0
00:32.957,0.0
00:32.954,0.0
00:32.951,0.0
00:32.948,0.0
00:32.945,0.0
00:32.942,0.0
00:32.939,0.0
00:32.935,0.0
00:32.932,0.0
00:32.929,0.0
00:32.926,0.0
00:32.923,0.0
00:32.920,0.0
00:32.917,0.0
00:32.914,0.0
00:32.911,0.0
00:32.908,0.0
00:32.905,0.0
00:32.902,0.0
00:32.899,0.0
00:32.896,0.0
00:32.893,0.0
00:32.890,0.0
00:32.887,0.0
00:32.884,0.0
00:32.881,0.0
00:32.878,0.0
00:32.875,0.0
00:32.871,0.0
00:32.868,0.0
00:32.865,0.0
00:32.862,0.0
00:32.859,0.0
00:32.856,0.0
00:32.853,0.0
00:32.850,0.0
00:32.847,0.0
00:32.844,0.0
00:32.841,0.0
00:32.838,0.0
00:32.835,0.0
00:32.832,0.0
00:32.829,0.0
00:32.826,0.0
00:32.823,0.0
00:32.820,0.0
00:32.817,0.0
00:32.814,0.0
00:32.811,0.0
00:32.807,0.0
00:32.804,0.0
00:32.801,0.0
00:32.798,0.0
00:32.795,0.0
00:32.792,0.0
00:32.789,0.0
00:32.786,0.0
00:32.783,0.0
00:32.780,0.0
00:32.777,0.0
00:32.774,0.0
00:32.771,0.0
00:32.768,0.0
00:32.765,0.0
00:32.762,0.0
00:32.759,0.0
00:32.756,0.0
00:32.753,0.0
00:32.750,0.0
00:32.746,0.0
00:32.743,0.0
00:32.740,0.0
00:32.737,0.0
00:32.734,0.0
00:32.731,0.0
00:32.728,0.0
00:32.725,0.0
00:32.722,0.0
00:32.719,0.0
00:32.716,0.0
00:32.713,0.0
00:32.710,0.0
00:32.707,0.0
00:32.704,0.0
00:32.701,0.0
00:32.698,0.0
00:32.695,0.0
00:32.692,0.0
00:32.689,0.0
00:32.686,0.0
00:32.682,0.0
00:32.679,0.0
00:32.676,0.0
00:32.673,0.0
00:32.670,0.0
00:32.667,0.0
00:32.664,0.0
00:32.661,0.0
00:32.658,0.0
00:32.655,0.0
00:32.652,0.0
00:32.649,0.0
00:32.646,0.0
00:32.643,0.0
00:32.640,0.0
00:32.637,0.0
00:32.634,0.0
00:32.631,0.0
00:32.628,0.0
00:32.625,0.0
00:32.621,0.0
00:32.618,0.0
00:32.615,0.0
00:32.612,0.0
00:32.609,0.0
00:32.606,0.0
00:32.603,0.0
00:32.600,0.0
00:32.597,0.0
00:32.594,0.0
00:32.591,0.0
00:32.588,0.0
00:32.585,0.0
00:32.582,0.0
00:32.579,0.0
00:32.576,0.0
00:32.573,0.0
00:32.570,0.0
00:32.567,0.0
00:32.564,0.0
00:32.561,0.0
00:32.557,0.0
00:32.554,0.0
00:32.551,0.0
00:32.548,0.0
00:32.545,0.0
00:32.542,0.0
00:32.539,0.0
00:32.536,0.0
00:32.533,0.0
00:32.530,0.0
00:32.527,0.0
00:32.524,0.0
00:32.521,0.0
00:32.518,0.0
00:32.515,0.0
00:32.512,0.0
00:32.509,0.0
00:32.506,0.0
00:32.503,0.0
00:32.500,0.0
00:32.496,0.0
00:32.493,0.0
00:32.490,0.0
00:32.487,0.0
00:32.484,0.0
00:32.481,0.0
00:32.478,0.0
00:32.475,0.0
00:32.472,0.0
00:32.469,0.0
00:32.466,0.0
00:32.463,0.0
00:32.460,0.0
00:32.457,0.0
00:32.454,0.0
00:32.451,0.0
00:32.448,0.0
00:32.445,0.0
00:32.442,0.0
00:32.439,0.0
00:32.435,0.0
00:32.432,0.0
00:32.429,0.0
00:32.426,0.0
00:32.423,0.0
00:32.420,0.0
00:32.417,0.0
00:32.414,0.0
00:32.411,0.0
00:32.408,0.0
00:32.405,0.0
00:32.402,0.0
00:32.399,0.0
00:32.396,0.0
00:32.393,0.0
00:32.390,0.0
00:32.387,0.0
00:32.384,0.0
00:32.381,0.0
00:32.378,0.0
00:32.375,0.0
00:32.371,0.0
00:32.368,0.0
00:32.365,0.0
00:32.362,0.0
00:32.359,0.0
00:32.356,0.0
00:32.353,0.0
00:32.350,0.0
00:32.347,0.0
00:32.344,0.0
00:32.341,0.0
00:32.338,0.0
00:32.335,0.0
00:32.332,0.0
00:32.329,0.0
00:32.326,0.0
00:32.323,0.0
00:32.320,0.0
00:32.317,0.0
00:32.314,0.0
00:32.310,0.0
00:32.307,0.0
00:32.304,0.0
00:32.301,0.0
00:32.298,0.0
00:32.295,0.0
00:32.292,0.0
00:32.289,0.0
00:32.286,0.0
00:32.283,0.0
00:32.280,0.0
00:32.277,0.0
00:32.274,0.0
00:32.271,0.0
00:32.268,0.0
00:32.265,0.0
00:32.262,0.0
00:32.259,0.0
00:32.256,0.0
00:32.253,0.0
00:32.250,0.0
00:32.246,0.0
00:32.243,0.0
00:32.240,0.0
00:32.237,0.0
00:32.234,0.0
00:32.231,0.0
00:32.228,0.0
00:32.225,0.0
00:32.222,0.0
00:32.219,0.0
00:32.216,0.0
00:32.213,0.0
00:32.210,0.0
00:32.207,0.0
00:32.204,0.0
00:32.201,0.0
00:32.198,0.0
00:32.195,0.0
00:32.192,0.0
00:32.189,0.0
00:32.185,0.0
00:32.182,0.0
00:32.179,0.0
00:32.176,0.0
00:32.173,0.0
00:32.170,0.0
00:32.167,0.0
00:32.164,0.0
00:32.161,0.0
00:32.158,0.0
00:32.155,0.0
00:32.152,0.0
00:32.149,0.0
00:32.146,0.0
00:32.143,0.0
00:32.140,0.0
00:32.137,0.0
00:32.134,0.0
00:32.131,0.0
00:32.128,0.0
00:32.125,0.0
00:32.121,0.0
00:32.118,0.0
00:32.115,0.0
00:32.112,0.0
00:32.109,0.0
00:32.106,0.0
00:32.103,0.0
00:32.100,0.0
00:32.097,0.0
00:32.094,0.0
00:32.091,0.0
00:32.088,0.0
00:32.085,0.0
00:32.082,0.0
00:32.079,0.0
00:32.076,0.0
00:32.073,0.0
00:32.070,0.0
00:32.067,0.0
00:32.064,0.0
00:32.060,0.0
00:32.057,0.0
00:32.054,0.0
00:32.051,0.0
00:32.048,0.0
00:32.045,0.0
